<?xml version="1.0" encoding="UTF-8"?>
<addon id="plugin.video.romwod-free"
version="0.3.1"
name="ROMWOD free"
provider-name="stef_schmid">
<requires>
  <import addon="xbmc.python" version="2.19.0"/>
  <import addon="script.module.requests" version="2.12.4"/>
  <import addon="script.module.beautifulsoup" version="3.0.8"/>
</requires>
<extension point="xbmc.python.pluginsource" library="main.py">
  <provides>video</provides>
</extension>
<extension point="xbmc.addon.metadata">
  <summary lang="en">Watch ROMWOD videos on kodi</summary>
  <description lang="en">OPTIMIZE RANGE OF MOTION. Daily online Yin stretching routines for athletes. Based on ancient Kung Fu techniques that strengthen and open joints resulting in optimal range of motion.
  </description>
</extension>
</addon>
